{
	"partitions" : [
		{
			"name" : "Top",
			"pins" : [
				{
					"name" : "little_led[0]",
					"strict" : false
				},
				{
					"name" : "little_led[1]",
					"strict" : false
				},
				{
					"name" : "little_led[2]",
					"strict" : false
				},
				{
					"name" : "little_led[3]",
					"strict" : false
				},
				{
					"name" : "little_led[4]",
					"strict" : false
				},
				{
					"name" : "swx[0]",
					"strict" : false
				},
				{
					"name" : "swy[0]",
					"strict" : false
				},
				{
					"name" : "swx[1]",
					"strict" : false
				},
				{
					"name" : "swy[1]",
					"strict" : false
				},
				{
					"name" : "swx[2]",
					"strict" : false
				},
				{
					"name" : "swy[2]",
					"strict" : false
				},
				{
					"name" : "swx[3]",
					"strict" : false
				},
				{
					"name" : "swy[3]",
					"strict" : false
				}
			]
		}
	]
}