{
	"partitions" : [
		{
			"name" : "Top",
			"pins" : [
				{
					"name" : "led[0]",
					"strict" : false
				},
				{
					"name" : "led[1]",
					"strict" : false
				},
				{
					"name" : "led[2]",
					"strict" : false
				},
				{
					"name" : "led[3]",
					"strict" : false
				},
				{
					"name" : "led[4]",
					"strict" : false
				},
				{
					"name" : "led[5]",
					"strict" : false
				},
				{
					"name" : "led[6]",
					"strict" : false
				},
				{
					"name" : "led[7]",
					"strict" : false
				},
				{
					"name" : "digit_seg[0]",
					"strict" : false
				},
				{
					"name" : "digit_seg[1]",
					"strict" : false
				},
				{
					"name" : "digit_seg[2]",
					"strict" : false
				},
				{
					"name" : "digit_seg[3]",
					"strict" : false
				},
				{
					"name" : "digit_seg[4]",
					"strict" : false
				},
				{
					"name" : "digit_seg[5]",
					"strict" : false
				},
				{
					"name" : "digit_seg[6]",
					"strict" : false
				},
				{
					"name" : "digit_seg[7]",
					"strict" : false
				},
				{
					"name" : "digit_cath[0]",
					"strict" : false
				},
				{
					"name" : "digit_cath[1]",
					"strict" : false
				},
				{
					"name" : "rgb_led1[0]",
					"strict" : false
				},
				{
					"name" : "rgb_led1[1]",
					"strict" : false
				},
				{
					"name" : "rgb_led1[2]",
					"strict" : false
				},
				{
					"name" : "rgb_led2[0]",
					"strict" : false
				},
				{
					"name" : "rgb_led2[1]",
					"strict" : false
				},
				{
					"name" : "rgb_led2[2]",
					"strict" : false
				},
				{
					"name" : "output_pin[0]",
					"strict" : false
				},
				{
					"name" : "output_pin[1]",
					"strict" : false
				},
				{
					"name" : "output_pin[2]",
					"strict" : false
				},
				{
					"name" : "output_pin[3]",
					"strict" : false
				},
				{
					"name" : "output_pin[4]",
					"strict" : false
				},
				{
					"name" : "output_pin[5]",
					"strict" : false
				},
				{
					"name" : "output_pin[6]",
					"strict" : false
				},
				{
					"name" : "output_pin[7]",
					"strict" : false
				},
				{
					"name" : "output_pin[8]",
					"strict" : false
				},
				{
					"name" : "output_pin[9]",
					"strict" : false
				},
				{
					"name" : "output_pin[10]",
					"strict" : false
				},
				{
					"name" : "button[0]",
					"strict" : false
				},
				{
					"name" : "switch[4]",
					"strict" : false
				},
				{
					"name" : "input_pin[12]",
					"strict" : false
				},
				{
					"name" : "input_pin[28]",
					"strict" : false
				},
				{
					"name" : "input_pin[20]",
					"strict" : false
				},
				{
					"name" : "switch[5]",
					"strict" : false
				},
				{
					"name" : "input_pin[13]",
					"strict" : false
				},
				{
					"name" : "input_pin[29]",
					"strict" : false
				},
				{
					"name" : "input_pin[21]",
					"strict" : false
				},
				{
					"name" : "switch[6]",
					"strict" : false
				},
				{
					"name" : "input_pin[14]",
					"strict" : false
				},
				{
					"name" : "input_pin[30]",
					"strict" : false
				},
				{
					"name" : "input_pin[22]",
					"strict" : false
				},
				{
					"name" : "input_pin[27]",
					"strict" : false
				},
				{
					"name" : "input_pin[19]",
					"strict" : false
				},
				{
					"name" : "switch[3]",
					"strict" : false
				},
				{
					"name" : "input_pin[11]",
					"strict" : false
				},
				{
					"name" : "input_pin[31]",
					"strict" : false
				},
				{
					"name" : "input_pin[23]",
					"strict" : false
				},
				{
					"name" : "switch[7]",
					"strict" : false
				},
				{
					"name" : "input_pin[15]",
					"strict" : false
				},
				{
					"name" : "input_pin[4]",
					"strict" : false
				},
				{
					"name" : "input_pin[25]",
					"strict" : false
				},
				{
					"name" : "input_pin[17]",
					"strict" : false
				},
				{
					"name" : "switch[1]",
					"strict" : false
				},
				{
					"name" : "input_pin[9]",
					"strict" : false
				},
				{
					"name" : "input_pin[24]",
					"strict" : false
				},
				{
					"name" : "input_pin[16]",
					"strict" : false
				},
				{
					"name" : "switch[0]",
					"strict" : false
				},
				{
					"name" : "input_pin[8]",
					"strict" : false
				},
				{
					"name" : "input_pin[26]",
					"strict" : false
				},
				{
					"name" : "input_pin[18]",
					"strict" : false
				},
				{
					"name" : "switch[2]",
					"strict" : false
				},
				{
					"name" : "input_pin[10]",
					"strict" : false
				},
				{
					"name" : "button[1]",
					"strict" : false
				},
				{
					"name" : "input_pin[1]",
					"strict" : false
				},
				{
					"name" : "input_pin[3]",
					"strict" : false
				},
				{
					"name" : "input_pin[2]",
					"strict" : false
				},
				{
					"name" : "altera_reserved_tms",
					"strict" : false
				},
				{
					"name" : "altera_reserved_tck",
					"strict" : false
				},
				{
					"name" : "altera_reserved_tdi",
					"strict" : false
				},
				{
					"name" : "altera_reserved_tdo",
					"strict" : false
				}
			]
		}
	]
}